{"cameraMode":{"drawMode":0,"name":"Shaded","section":"Shading Mode"},"sceneLighting":false,"audioPlay":false,"sceneViewState":{"m_AlwaysRefresh":false,"showFog":true,"showSkybox":false,"showFlares":true,"showImageEffects":true,"showParticleSystems":true,"showVisualEffectGraphs":true,"m_FxEnabled":true},"in2DMode":false,"pivot":{"x":0.440926730632782,"y":-0.05014464631676674,"z":34.11039352416992},"rotation":{"x":0.07940901070833206,"y":0.013456545770168305,"z":-0.0010692956857383252,"w":0.9967581629753113},"size":34.00761413574219,"orthographic":false}